text,cluster
–ò–¥–µ—è —Ç–æ–ø. –ì–æ—Ç–æ–≤–ª—é –ø–æ–ø–∫–æ—Ä–Ω –∏ —Ç–∞–±–ª–∏—á–∫—É –¥–ª—è –ø—Ä–æ–≥–Ω–æ–∑–æ–≤ üòé,-1
**–ê–≥–∞. –¢–æ–≥–¥–∞ –¥–∞–≤–∞–π ‚Äî —Å–¥–µ–ª–∞–µ–º —Å—Ç–∞–≤–∫–∏ –Ω–∞ —Å–ª–µ–¥—É—é—â–∏–π —ç—Ç–∞–ø –∏ —É—Å—Ç—Ä–æ–∏–º –º–∏–Ω–∏-–ø—Ä–æ—Å–º–æ—Ç—Ä!**,-1
"–í—Å—ë, –ø–æ—Å–ª–µ —ç—Ç–∏—Ö —Å–ª–æ–≤ —Ö–æ—á—É –ø–µ—Ä–µ—Å–º–æ—Ç—Ä–µ—Ç—å ‚ÄúDrive to Survive‚Äù. –û–ø—è—Ç—å –∑–∞—Ç—è–Ω–µ—Ç.",-1
"**–§–æ—Ä–º—É–ª–∞ ‚Äî —ç—Ç–æ –∫–∞–∫ —à–∞—Ö–º–∞—Ç—ã –Ω–∞ 300 –∫–º/—á. –ú–æ–∑–≥, —Ä–∏—Å–∫, –Ω–µ—Ä–≤—ã –∏ –º–∏–ª–ª–∏—Å–µ–∫—É–Ω–¥—ã.**",-1
"–ï—â—ë –∏ —Ç–µ—Ö–Ω–∏—á–µ—Å–∫–∞—è —Å—Ç–æ—Ä–æ–Ω–∞ –≤–∞–∂–Ω–∞ ‚Äî —É –∫–æ–≥–æ —á—Ç–æ –ø–æ —à–∞—Å—Å–∏, –∫—Ç–æ –Ω–∞ –∫–∞–∫–∏—Ö —à–∏–Ω–∞—Ö, –∫—Ç–æ —Ä–∏—Å–∫—É–µ—Ç.",-1
"**–î–∞, —Ç–∞–∫–∏–µ –º–æ–º–µ–Ω—Ç—ã –∏ –≤–ª—é–±–ª—è—é—Ç –≤ –§–æ—Ä–º—É–ª—É. –ì–¥–µ-—Ç–æ –¥—Ä–∞–º–∞, –≥–¥–µ-—Ç–æ —Å—Ç—Ä–∞—Ç–µ–≥–∏—è, –≥–¥–µ-—Ç–æ —á—É–¥–æ.**",-1
–¢–∏–ø–∞ –ì–∞—Å–ª–∏ –≤ –ò—Ç–∞–ª–∏–∏! –¢–æ—Ç –ø–æ–¥–∏—É–º –±—ã–ª –≤–æ–æ–±—â–µ –∫–∞–∫ –ø—Ä–∞–∑–¥–Ω–∏–∫.,-1
"**–ê –µ—â—ë –ª—é–±–ª—é, –∫–æ–≥–¥–∞ –∫—Ç–æ-—Ç–æ –∏–∑ —Å–µ—Ä–µ–¥–∏–Ω—ã —Ç–∞–±–ª–∏—Ü—ã –≤–Ω–µ–∑–∞–ø–Ω–æ –≤—ã—Å—Ç—Ä–µ–ª–∏–≤–∞–µ—Ç. –ü—Ä—è–º —Å—é—Ä–ø—Ä–∏–∑.**",-1
"–û –¥–∞, —è —ç—Ç–æ—Ç –∑–∞–µ–∑–¥ –∑–Ω–∞—é –ø–æ—á—Ç–∏ –Ω–∞–∏–∑—É—Å—Ç—å. –¢–∞–º –ê–ª–±–æ–Ω —É–¥–∏–≤–∏–ª –≤—Å–µ—Ö –Ω–∞ –ø–æ–≤–æ—Ä–æ—Ç–∞—Ö.",-1
"**–ö—Å—Ç–∞—Ç–∏, —è –Ω–µ–¥–∞–≤–Ω–æ –ø–µ—Ä–µ—Å–º–∞—Ç—Ä–∏–≤–∞–ª –ì—Ä–∞–Ω-–ø—Ä–∏ –ú–æ–Ω–∞–∫–æ 2019 ‚Äî –∫–∞–∫–∏–µ —Ç–∞–º –±—ã–ª–∏ –±–∞—Ç–∞–ª–∏–∏!**",-1
"–°–æ–≥–ª–∞—Å–µ–Ω. –ù–æ –≤—Å—ë —Ä–∞–≤–Ω–æ —Å–∫—É—á–∞—é –ø–æ –≤—Ä–µ–º–µ–Ω–∞–º, –∫–æ–≥–¥–∞ –≤—ã–∏–≥—Ä—ã–≤–∞–ª–∏ —Ä–∞–∑–Ω—ã–µ –≤ –∫–∞–∂–¥–æ–π –≥–æ–Ω–∫–µ.",-1
"**–ù—É, –∑–∞—Ç–æ –Ω–∏–∫—Ç–æ –Ω–µ —Å–∫–∞–∂–µ—Ç, —á—Ç–æ –æ–Ω –Ω–µ–∑–∞—Å–ª—É–∂–µ–Ω–Ω–æ —á–µ–º–ø–∏–æ–Ω. –ß–∏—Å—Ç–æ —Ä–µ–∑—É–ª—å—Ç–∞—Ç.**",-1
"–û–Ω —Ä–µ–∞–ª—å–Ω–æ —Ä–æ–±–æ—Ç. –í—ã–∏–≥—Ä—ã–≤–∞–µ—Ç —Å—Ç–∞–±–∏–ª—å–Ω–æ, –Ω–æ –∫–∞–∫-—Ç–æ —Å—É—Ö–æ. –î–∞–∂–µ —Å–∫—É—á–Ω–æ.",-1
"**–ê –∫–∞–∫ —Ç–µ–±–µ –§–µ—Ä—Å—Ç–∞–ø–ø–µ–Ω? –ü–æ-–º–æ–µ–º—É, —ç—Ç–æ —É–∂–µ –ø—Ä–æ—Å—Ç–æ –º–∞—à–∏–Ω–∞ –±–µ–∑ —ç–º–æ—Ü–∏–π.**",24
"–ê —è –ª—é–±–ª—é, –∫–æ–≥–¥–∞ –≥–æ–Ω—â–∏–∫ –º–æ–ª—á–∏—Ç –∏ –¥–µ–ª–∞–µ—Ç —Å–≤–æ—ë –¥–µ–ª–æ. –¢–∏–ø–∞ ‚Äú–º–µ–Ω—å—à–µ —Å–ª–æ–≤ ‚Äî –±–æ–ª—å—à–µ –ø–æ–∑–∏—Ü–∏–π‚Äù.",-1
"**–ù—É –∏ —á—Ç–æ, –∑–∞—Ç–æ —ç–º–æ—Ü–∏–∏! –Ø –æ–±–æ–∂–∞—é, –∫–æ–≥–¥–∞ –æ–Ω –ø–æ —Ä–∞–¥–∏–æ –∫—Ä–∏—á–∏—Ç ¬´Nooooo!¬ª.**",-1
"–®–∞—Ä–ª—å ‚Äî –∫—Ä–∞—Å–∞–≤–µ—Ü, —Å–ø–æ—Ä—É –Ω–µ—Ç. –ù–æ –∏–Ω–æ–≥–¥–∞ —Å–ª–∏—à–∫–æ–º –≥–æ—Ä—è—á–∏–π, —Å—Ä—ã–≤–∞–µ—Ç—Å—è.",-1
"**–î–∞, –ê–ª–æ–Ω—Å–æ –∫–∞–∫ –≤–∏–Ω–æ ‚Äî —Ç–æ–ª—å–∫–æ –∫—Ä—É—á–µ —Å –≥–æ–¥–∞–º–∏. –•–æ—Ç—è —è –≤—Å—ë –∂–µ –∑–∞ –õ–µ–∫–ª–µ—Ä–∞.**",-1
"–ù–∞–≤–µ—Ä–Ω–æ–µ, –≤—Å—ë-—Ç–∞–∫–∏ –ê–ª–æ–Ω—Å–æ. –ß—É–≤–∞–∫ –∂–µ–ª–µ–∑–Ω—ã–π, –æ–ø—ã—Ç, —Å—Ç–∏–ª—å, –∏ –ø—Ä–∏ —ç—Ç–æ–º –¥–æ —Å–∏—Ö –ø–æ—Ä –≤ —Ñ–æ—Ä–º–µ.",-1
"**–õ—ë–Ω—è, –µ—Å–ª–∏ —Å–µ—Ä—å—ë–∑–Ω–æ ‚Äî –∫—Ç–æ —Ç–≤–æ–π –ª—é–±–∏–º—ã–π –≥–æ–Ω—â–∏–∫ –≤ –§–æ—Ä–º—É–ª–µ-1? –û–¥–∏–Ω-–µ–¥–∏–Ω—Å—Ç–≤–µ–Ω–Ω—ã–π.**",-1
"–û—Ç–ª–∏—á–Ω–æ! –Ø —Ç–æ–∂–µ ‚Äî —Å —Ä–∞–∫–µ—Ç–∫–æ–π, –º—è—á–∞–º–∏ –∏ —Ö–æ—Ä–æ—à–∏–º –Ω–∞—Å—Ç—Ä–æ–µ–Ω–∏–µ–º.",18
"**–¢–æ–≥–¥–∞ –≤—Å—ë ‚Äî —Å—É–±–±–æ—Ç–∞, 14:45 —É –∫–æ—Ä—Ç–∞. –ü—Ä–∏—Ö–æ–∂—É –≤ –±–æ–µ–≤–æ–º –¥—É—Ö–µ.**",28
"–í—Å—ë, –≤—Å—ë. –ë–µ–∑ —Ñ–∞–Ω–∞—Ç–∏–∑–º–∞. –ò–≥—Ä–∞—Ç—å, –æ—Ç–¥—ã—Ö–∞—Ç—å –∏ —à—É—Ç–∏—Ç—å.",-1
"**–ê–≥–∞, –∏ —Ç–∞–±–ª–∏—á–∫—É —Å –æ—á–∫–∞–º–∏ —Ä–∞—Å–ø–µ—á–∞—Ç–∞–µ—à—å, –¥–∞? –ó–Ω–∞—é —Ç–µ–±—è.**",-1
–û–±–µ—â–∞—é! –¢–æ–ª—å–∫–æ –ø–∞—Ä—É —Å—Ç—Ä–∞—Ç–µ–≥–∏–π —Ä–∞—Å—Å–∫–∞–∂—É –∏ –ø–∞—Ä—É —É–ø—Ä–∞–∂–Ω–µ–Ω–∏–π –ø–æ–∫–∞–∂—É.,12
"**–¢–æ–ª—å–∫–æ –Ω–µ –¥–µ–ª–∞–π –∏–∑ —ç—Ç–æ–≥–æ –û–ª–∏–º–ø–∏–∞–¥—É, –∞ —Ç–æ —Ç—ã –≤–∫–ª—é—á–∞–µ—à—å —Ä–µ–∂–∏–º —Ç—Ä–µ–Ω–µ—Ä–∞ üòÑ**",-1
–ù–∞–¥–æ –±—É–¥–µ—Ç –ø–æ—Ç–æ–º –æ—Ä–≥–∞–Ω–∏–∑–æ–≤–∞—Ç—å –º–∏–Ω–∏-—Ç—É—Ä–Ω–∏—Ä —Å—Ä–µ–¥–∏ –¥—Ä—É–∑–µ–π. –ß–∏—Å—Ç–æ —Ä–∞–¥–∏ —Ñ–∞–Ω–∞.,-1
"**–î–∞-–¥–∞, —è –≤–∏–¥–µ–ª ‚Äî –¥–∞–∂–µ —á—É–≤–∞–∫–∏ —Å —Ä–∞–±–æ—Ç—ã –æ–±—Å—É–∂–¥–∞—é—Ç, –≥–¥–µ –ø–æ–¥–µ—à–µ–≤–ª–µ –ø–æ–∏–≥—Ä–∞—Ç—å.**",21
"–ê —Ç—ã –≤ –∫—É—Ä—Å–µ, —á—Ç–æ –ø–∞–¥–µ–ª —Ç–µ–ø–µ—Ä—å –≤–µ–∑–¥–µ –Ω–∞–±–∏—Ä–∞–µ—Ç –ø–æ–ø—É–ª—è—Ä–Ω–æ—Å—Ç—å? –î–∞–∂–µ –≤ –æ—Ñ–∏—Å–µ –Ω–∞—Ä–æ–¥ –∏–≥—Ä–∞–µ—Ç.",21
"**–í—Å—ë, —Ç–æ–≥–¥–∞ –∏–≥—Ä–∞–µ–º –¥–æ —Å–µ–¥—å–º–æ–≥–æ –ø–æ—Ç–∞, –ø–æ—Ç–æ–º –º–æ—Ä–æ–∂–µ–Ω–æ–µ –∏ –æ—Ç–¥—ã—Ö.**",-1
"–°–µ–π—á–∞—Å —Ç–æ–∂–µ –Ω–µ —Å—É–ø–µ—Ä-—Ñ–æ—Ä–º–∞, –Ω–æ –∑–∞—Ç–æ —Å –Ω–∞—Å—Ç—Ä–æ–µ–º. –ì–ª–∞–≤–Ω–æ–µ ‚Äî –∫–∞–π—Ñ, –Ω–µ —Å—á—ë—Ç.",24
"**–•–∞, –¥–∞. –ú—ã —Ç–æ–≥–¥–∞ –µ—â—ë –ø—ã—Ç–∞–ª–∏—Å—å —Å–µ—Ä—å—ë–∑–Ω–æ –∏–≥—Ä–∞—Ç—å, —Ö–æ—Ç—è –¥–∞–≤–Ω–æ –Ω–µ —Ç—Ä–µ–Ω–∏—Ä–æ–≤–∞–ª–∏—Å—å.**",-1
"–ù–µ –∑–∞–±—É–¥—É, –≤ –ø—Ä–æ—à–ª—ã–π —Ä–∞–∑ –±–µ–∑ –≤–æ–¥—ã —á—É—Ç—å –≤ —Ç–µ–Ω—å –Ω–µ —É–ø–∞–ª –Ω–∞ –≤—Ç–æ—Ä–æ–π –º–∏–Ω—É—Ç–µ üòÖ",-1
"**–í–æ–∑—å–º—É —Å–≤–æ—é, –æ–Ω–∞ –∫–∞–∫ —Ä–∞–∑ –ª–µ–∂–∏—Ç –≤ –±–∞–≥–∞–∂–Ω–∏–∫–µ. –ê –≤–æ–¥—É –∏ –ø–æ–ª–æ—Ç–µ–Ω—Ü–µ –Ω–µ –∑–∞–±—É–¥—å!**",-1
"–°—É–ø–µ—Ä, –±—Ä–æ–Ω–∏—Ä—É—é. –£ –º–µ–Ω—è –µ—Å—Ç—å –º—è—á–∏–∫–∏ –∏ –æ–¥–Ω–∞ –Ω–æ—Ä–º —Ä–∞–∫–µ—Ç–∫–∞, —Ç–µ–±–µ –≤–∑—è—Ç—å —Å–≤–æ—é?",18
**–ú–Ω–µ –ø–æ–¥—Ö–æ–¥–∏—Ç! –î–∞–≤–∞–π —Ç–æ–≥–¥–∞ –Ω–∞ 15:00 ‚Äî –∫–∞–∫ —Ä–∞–∑ –Ω–µ –∂–∞—Ä–∫–æ –±—É–¥–µ—Ç.**,28
"–î–∞, –µ—Å—Ç—å –æ–¥–∏–Ω —Ö–æ—Ä–æ—à–∏–π –≤ –ø–∞—Ä–∫–µ —É —Ä–µ–∫–∏. –ú–æ–∂–Ω–æ –∑–∞–±–∏—Ç—å –Ω–∞ —Å—É–±–±–æ—Ç—É –ø–æ—Å–ª–µ —Ç—Ä—ë—Ö.",-1
"**–û–æ–æ, –ø–∞–¥–µ–ª ‚Äî –∫–∞–π—Ñ. –ö–∞–∫ —Ä–∞–∑ —Ö–æ—á—É –ø–æ—à–µ–≤–µ–ª–∏—Ç—å—Å—è. –¢—ã –∫–æ—Ä—Ç —É–∂–µ –Ω–∞—à—ë–ª?**",29
"–í–∞–Ω—è, —É –º–µ–Ω—è –∏–¥–µ—è ‚Äî –ø–æ—à–ª–∏ –Ω–∞ –ø–∞–¥–µ–ª –≤ –≤—ã—Ö–æ–¥–Ω—ã–µ. –†–∞–∫–µ—Ç–∫–∏ –ø—ã–ª—è—Ç—Å—è, —Ñ–æ—Ä–º–∞ —Å–∫—É—á–∞–µ—Ç!",-1
"–î–æ–≥–æ–≤–æ—Ä–∏–ª–∏—Å—å. –ê —Å–µ–π—á–∞—Å ‚Äî –≤–æ—Å–∫—Ä–µ—Å–µ–Ω—å–µ, —Ç–µ–∞—Ç—Ä, –∫—É–ª—å—Ç—É—Ä–∞. –í—Å—ë –∫–∞–∫ –ø–æ –∫–ª–∞—Å—Å–∏–∫–µ.",-1
"**–ë–ª–∏–Ω, —É–≤–∞–∂–∞—é. –ë—É–¥—É –≥–æ—Ç–æ–≤–∏—Ç—å—Å—è –∫ —Ç–µ–∞—Ç—Ä–∞–ª—å–Ω–æ–π –≤–∏–∫—Ç–æ—Ä–∏–Ω–µ –Ω–∞ –≤—Ç–æ—Ä–æ–π –∞–∫—Ç.**",-1
"–õ–æ–≤–∫–æ, –Ω–æ —ç—Ç–æ –ü—É—à–∫–∏–Ω. –ü–æ–ø–∞–ª—Å—è –Ω–µ —è, –∞ —Ç—ã!",29
**–ù—É —Ç–æ–≥–¥–∞ –≤ –∞–Ω—Ç—Ä–∞–∫—Ç–µ —É—Å—Ç—Ä–æ–∏–º –±–ª–∏—Ü-–æ–ø—Ä–æ—Å: –∫—Ç–æ –∏–∑ –Ω–∏—Ö –ø–∏—Å–∞–ª ‚Äú–ú–∞–ª–µ–Ω—å–∫–∏–µ —Ç—Ä–∞–≥–µ–¥–∏–∏‚Äù?**,-1
"–≠–π, –º–µ–∂–¥—É –ø—Ä–æ—á–∏–º, —è —É–º–µ—é –æ—Ç–ª–∏—á–∞—Ç—å –ß–µ—Ö–æ–≤–∞ –æ—Ç –î–æ—Å—Ç–æ–µ–≤—Å–∫–æ–≥–æ!",-1
**–û–Ω–æ –∏ —á—É–≤—Å—Ç–≤—É–µ—Ç—Å—è ‚Äî –Ω–∞—Å—Ç—Ä–æ–µ–Ω–∏–µ —É —Ç–µ–±—è –∫—É–ª—å—Ç—É—Ä–Ω–æ–µ. –î–∞–∂–µ –Ω–µ –≤–µ—Ä–∏—Ç—Å—è üòÑ**,-1
"–ü–æ—Å–ª–µ–¥–Ω–∏–π —Ä–∞–∑ –±—ã–ª —Å –∫–ª–∞—Å—Å–æ–º, –ª–µ—Ç –¥–µ—Å—è—Ç—å –Ω–∞–∑–∞–¥. –ù–æ —Å–µ–π—á–∞—Å –ø—Ä—è–º –∑–∞—Ö–æ—Ç–µ–ª–æ—Å—å.",-1
**–¢—ã –≤–æ–æ–±—â–µ —á–∞—Å—Ç–æ –±—ã–≤–∞–µ—à—å –≤ —Ç–µ–∞—Ç—Ä–∞—Ö –∏–ª–∏ –ø—Ä–æ—Å—Ç–æ —Ç–∞–∫ –≤—ã–±—Ä–∞–ª—Å—è —Ä–∞–¥–∏ –∫–æ–º–ø–∞–Ω–∏–∏?**,-1
"–¢–æ–≥–¥–∞ –≤—Å—ë, –≤—Å—Ç—Ä–µ—á–∞–µ–º—Å—è —É –≤—Ö–æ–¥–∞ –≤ 16:20, –∑–∞—Ö–≤–∞—Ç–∏–º –∫–æ—Ñ–µ –∏ –≤–Ω—É—Ç—Ä—å?",-1
"**–û –¥–∞, —è –µ—ë –≤–∏–¥–µ–ª –ø–∞—Ä—É –ª–µ—Ç –Ω–∞–∑–∞–¥ –≤ ‚Äú–¢—Ä—ë—Ö —Å–µ—Å—Ç—Ä–∞—Ö‚Äù ‚Äî –æ—á–µ–Ω—å —Å–∏–ª—å–Ω–∞—è –∞–∫—Ç—Ä–∏—Å–∞.**",-1
"–•–∞-—Ö–∞, –≥–ª–∞–≤–Ω–æ–µ –Ω–µ —É—Å–Ω—É—Ç—å –Ω–∞ —Å–µ—Ä–µ–¥–∏–Ω–µ. –•–æ—Ç—è —Å —Ç–∞–∫–∏–º –∫–∞—Å—Ç–æ–º –≤—Ä—è–¥ –ª–∏ ‚Äî –ö–ª–∏–º–æ–≤–∞ –≤ –≥–ª–∞–≤–Ω–æ–π —Ä–æ–ª–∏!",-1
"**–ù—É, –≤ —Ö—É–¥—à–µ–º —Å–ª—É—á–∞–µ –ø—Ä–æ—Å—Ç–æ –ø–æ—Å–∏–¥–∏–º –∫—Ä–∞—Å–∏–≤–æ, –∫–∞–∫ –∏–Ω—Ç–µ–ª–ª–∏–≥–µ–Ω—Ç—ã üòÑ**",-1
"–ê–≥–∞, —ç—Ç–æ –∂–µ —ç–∫—Å–ø–µ—Ä–∏–º–µ–Ω—Ç–∞–ª—å–Ω–∞—è –≤–µ—Ä—Å–∏—è ‚Äú–ì—Ä–æ–∑—ã‚Äù ‚Äî —Ä–µ–∂–∏—Å—Å–µ—Ä –ª—é–±–∏—Ç –Ω–µ—Å—Ç–∞–Ω–¥–∞—Ä—Ç–Ω—ã–µ —Ö–æ–¥—ã.",-1
"**–ù—É –∏ –∞—Ç–º–æ—Å—Ñ–µ—Ä–∞ —Ç–∞–º –∫—Ä—É—Ç–∞—è. –ù–∞–¥–µ—é—Å—å, –ø–æ—Å—Ç–∞–Ω–æ–≤–∫–∞ –±—É–¥–µ—Ç –∏–Ω—Ç–µ—Ä–µ—Å–Ω–æ–π, —Ö–æ—Ç—è –∞—Ñ–∏—à–∞ –Ω–µ–º–Ω–æ–≥–æ —Å—Ç—Ä–∞–Ω–Ω–∞—è.**",20
"–û—Ç–ª–∏—á–Ω–æ, —Å–ø–∞—Å–∏–±–æ —Ç–µ–±–µ! –ú–Ω–µ —Ç–∞–∫–∏–µ –º–µ—Å—Ç–∞ –∫–∞–∫ —Ä–∞–∑ –ø–æ –¥—É—à–µ ‚Äî –±–ª–∏–∑–∫–æ, –Ω–æ –Ω–µ –≤ –ø–µ—Ä–≤–æ–º —Ä—è–¥—É.",17
"**–ö—Ä–∞—Å–∞–≤—á–∏–∫! –ë–∏–ª–µ—Ç—ã —è –≤–∑—è–ª ‚Äî —à–µ—Å—Ç–æ–π —Ä—è–¥, —Å–ª–µ–≤–∞ –æ—Ç —Ü–µ–Ω—Ç—Ä–∞. –í–∏–¥ –¥–æ–ª–∂–µ–Ω –±—ã—Ç—å —Ö–æ—Ä–æ—à–∏–π.**",17
"–ü—Ä–∏–≤–µ—Ç! –î–∞, –∏–¥—É. –£–∂–µ –¥–∞–∂–µ —Ä—É–±–∞—à–∫—É –≤—ã–≥–ª–∞–¥–∏–ª ‚Äî —Ä–µ—à–∏–ª –≤—ã–≥–ª—è–¥–µ—Ç—å –ø–æ-—Ç–µ–∞—Ç—Ä–∞–ª—å–Ω–æ–º—É",-1
"**–õ—ë–Ω—è, –ø—Ä–∏–≤–µ—Ç! –¢—ã —Ç–æ—á–Ω–æ –∏–¥—ë—à—å –≤ —Ç–µ–∞—Ç—Ä –≤ —ç—Ç–æ –≤–æ—Å–∫—Ä–µ—Å–µ–Ω—å–µ –≤ 17:00? –ú—ã –≤—Ä–æ–¥–µ –¥–æ–≥–æ–≤–∞—Ä–∏–≤–∞–ª–∏—Å—å.**",25
"–ï–≤–≥–µ–Ω–∏–π, —É –º–µ–Ω—è –µ—Å—Ç—å –æ–ø—ã—Ç –∫–∞—Ç–∞–Ω–∏—è –Ω–∞ –ª–æ–Ω–≥–±–æ—Ä–¥–µ, —Ä–∞–∑–≤–µ –æ–Ω –Ω–µ –º–æ–∂–µ—Ç –ø–æ–º–æ—á—å –º–Ω–µ –≤ –æ–±—É–∑–¥–∞–Ω–∏–∏ —Å–Ω–æ—É–±–æ—Ä–¥–∞?",13
"–î–∞, –Ω–∞–¥–æ –±—ã –≤–º–µ—Å—Ç–µ —Å—ä–µ–∑–¥–∏—Ç—å –∑–∏–º–æ–π –ø–æ–∫–∞—Ç–∞—Ç—å—Å—è, –æ–¥–Ω–∞–∫–æ —Å–Ω–æ—É–±–æ—Ä–¥ —ç—Ç–æ –¥–æ—Å—Ç–∞—Ç–æ—á–Ω–æ —Å–ª–æ–∂–Ω–æ, –∏ –º–Ω–æ–≥–∏–µ –±—Ä–æ—Å–∞—é—Ç –ø–æ—Å–ª–µ –ø–µ—Ä–≤—ã—Ö —Ç—Ä–µ–Ω–∏—Ä–æ–≤–æ–∫ , –∫–∞–∫ –ø—Ä–∞–≤–∏–ª–æ –≥–æ—Ä–∞–∑–¥–æ –ª–µ–≥—á–µ –∫–æ–≥–¥–∞ —á–µ–ª–æ–≤–µ–∫ –Ω–∞—á–∏–Ω–∞–µ—Ç —Å –ª—ã–∂ –∏ —É–∂–µ –ø—Ä–∏–≤—ã–∫—à–∏ –∫ –Ω–∏–º –ø–µ—Ä–µ—Ö–æ–¥–∏—Ç –Ω–∞ —Å–Ω–æ—É–±–æ—Ä–¥",10
"–ï–≤–≥–µ–Ω–∏–π, –¥–æ–≤–æ–ª—å–Ω–æ –ø–æ–¥—Ä–æ–±–Ω—ã–π –æ—Ç–≤–µ—Ç 
–í—ã –Ω–µ–≤–µ—Ä–æ—è—Ç–Ω–æ –∏–Ω—Ç–µ—Ä–µ—Å–Ω–∞—è –∏ —Ä–∞–∑–Ω–æ—Å—Ç–æ—Ä–æ–Ω–Ω—è—è –ª–∏—á–Ω–æ—Å—Ç—å, —ç—Ç–æ –∫—Ä—É—Ç–æ 

–ú–Ω–µ –∫–∞–∂–µ—Ç—Å—è —á—Ç–æ –≤—ã –¥–æ–ª–∂–Ω—ã –Ω–∞—É—á–∏—Ç—å –º–µ–Ω—è –∫–∞—Ç–∞—Ç—å—Å—è –Ω–∞ —Å–Ω–æ—É–±–æ—Ä–¥–µ, –Ω—É–∂–Ω–æ –∑–∞–ø–ª–∞–Ω–∏—Ä–æ–≤–∞—Ç—å –ø–æ–µ–∑–¥—É –Ω–∞ —Å–ª–µ–¥—É—é—â—É—é –∑–∏–º—É",13
–ó–∏–º–æ–π –ø—Ä–µ–¥–ø–æ—á–∏—Ç–∞—é –∞–∫—Ç–∏–≤–Ω—ã–π –æ—Ç–¥—ã—Ö –Ω–∞ —Å–Ω–æ—É–±–æ—Ä–¥–µ,10
"–õ–µ—Ç–æ–º –Ω–µ –ø—Ä–æ—á—å –ø–æ–ø–ª–∞–≤–∞—Ç—å –Ω–∞ —Å–∞–ø–µ, –ø–æ–ª–µ–∂–∞—Ç—å –Ω–∞ —Å–æ–ª–Ω—ã—à–∫–µ, –ª—é–±–ª—é –≥—É–ª—è—Ç—å",-1
–ò–Ω–æ–≥–¥–∞ –ø—Ä–µ–¥–ø–æ—á–∏—Ç–∞—é –ø—Ä–æ–≤–µ—Å—Ç–∏ –≤—Ä–µ–º—è —Å –¥—Ä—É–∑—å—è–º–∏ –≤ –±–∞—Ä–µ,-1
"–£ –º–µ–Ω—è —Å–∫–æ—Ä–µ–µ –ø–æ –Ω–∞—Å—Ç—Ä–æ–µ–Ω–∏—é, –∏–Ω–æ–≥–¥–∞ —Ö–æ—á–µ—Ç—Å—è –ø–æ—Å–∏–¥–µ—Ç—å –¥–æ–º–∞, –ø–æ—Å–º–æ—Ç—Ä–µ—Ç—å —Ñ–∏–ª—å–º—ã –∏–ª–∏ —Å–µ—Ä–∏–∞–ª—ã, –ø–æ–∏–≥—Ä–∞—Ç—å –≤ –±—Ä–∞–≤–ª —Å—Ç–∞—Ä—Å",9
–ê —á—Ç–æ –ª—é–±–∏—Ç–µ –≤—ã?,-1
"–ù–∞ —Å–∞–º–æ–º –¥–µ–ª–µ, –ï–≤–≥–µ–Ω–∏–π, —è –Ω–µ –ª—é–±–ª—é —Å–∏–¥–µ—Ç—å –¥–æ–º–∞, –ª—É—á—à–µ –ø—Ä–∏–¥—É–º–∞—Ç—å —á—Ç–æ-—Ç–æ –∞–∫—Ç–∏–≤–Ω–æ–µ, —Å—Ö–æ–¥–∏—Ç—å –≤ –∞–∫–≤–∞–ø–∞—Ä–∫, –±–∞—Å—Å–µ–π–Ω –∏–ª–∏ –ø–æ–∏–≥—Ä–∞—Ç—å –≤ —Ç–µ–Ω–Ω–∏—Å –∏–ª–∏ –ø–∞–¥–µ–ª",9
"–ö–∞–∫–∏–µ –≤–∏–¥—ã –æ—Ç–¥—ã—Ö–∞ –≤—ã –ø—Ä–µ–¥–ø–æ—á–∏—Ç–∞–µ—Ç–µ? –ê–∫—Ç–∏–≤–Ω—ã–π –∏–ª–∏ –ø–∞—Å—Å–∏–≤–Ω—ã–π, –∞ –º–æ–∂–µ—Ç —á—Ç–æ-—Ç–æ –µ—â–µ?",-1
"–î–∞–≤–∞–π—Ç–µ –ø—Ä–æ–¥–æ–ª–∂–∏–º –¥–µ–ª–æ–≤—ã–µ –±–µ—Å–µ–¥—ã –≤ —ç—Ç–æ–º —á–∞—Ç–µ, –ø–æ–∂–∞–ª—É–π—Å—Ç–∞, —è –≤–∞—Å –ø—Ä–æ—à—É",-1
"–õ–∏—á–Ω–æ –º–µ–Ω—è –Ω–µ —É—Å—Ç—Ä–∞–≤–∏–≤–∞–µ—Ç, —á—Ç–æ –Ω–µ –≤—ã–ø–æ–ª–Ω—è–µ—Ç—Å—è –¥–∞–Ω–Ω–æ–µ –º–Ω–µ –æ–±–µ—â–∞–Ω–∏–µ",-1
–£—Å—Ç—Ä–∞–∏–≤–∞–µ—Ç –ª–∏ –≤–∞—Å —Ç–∞–∫–æ–µ –≤—Ä–µ–º—è –ø—Ä–æ–≤–æ–∂–¥–µ–Ω–∏—è?,23
–ó–∞ –∫–æ–≥–æ —Ç—ã –±–æ–ª–µ–ª–∞?,-1
–°–µ–≥–æ–¥–Ω—è –±—ã–ª —Ñ–∏–Ω–∞–ª –ª–∏–≥–∏ —á–µ–º–ø–∏–æ–Ω–æ–≤,-1
–î–∞–≤–∞–π,-1
"–¢–æ–ª—å–∫–æ, –µ—Å–ª–∏ —Å–º–æ—Ç—Ä—é —Å–æ —Å–≤–æ–µ–π –≤—Ç–æ—Ä–æ–π –ø–æ–ª–æ–≤–∏–Ω–∫–æ–π",-1
–ü–æ–≥–æ–≤–æ—Ä–∏–º –ø—Ä–æ —Ñ—É—Ç–±–æ–ª?,-1
–ê —Ç–µ–±—è –∏–Ω—Ç–µ—Ä–µ—Å—É–µ—Ç —Ç–∞–∫–æ–π –∂–∞–Ω—Ä?,11
–î–∞,27
–¢–µ–±–µ –Ω—Ä–∞–≤—è—Ç—Å—è —Ñ–∏–ª—å–º—ã –ø—Ä–æ –ª—é–±–æ–≤—å ?,1
–ö–∞—Ç–∞—Ä—Å–∏—Å —ç—Ç–æ –æ—á–µ–Ω—å –≤–∞–∂–Ω–æ,14
"–ö—Ä–∞—Å–∏–≤–∞—è –≤–∏–∑—É–∞–ª—å–Ω–∞—è –ø–æ–¥–∞—á–∞, –≤–æ–∑–º–æ–∂–Ω–æ—Å—Ç—å –æ—Ç–≤–ª–µ—á—å—Å—è, –∫–∞—Ç–∞—Ä—Å–∏—Å, —ç–º–æ—Ü–∏–∏",-1
–û—Å—Ç—Ä–æ–≤ –ø—Ä–æ–∫–ª—è—Ç—ã—Ö —Å–Ω—è–ª –°–∫–æ—Ä—Å–µ–∑–µ,-1
–ö—Ä–∏—Å—Ç–∞–ª—å–Ω–æ–µ —á—Ç–∏–≤–æ —Å–Ω—è–ª –¢–∞—Ä–∞–Ω—Ç–∏–Ω–æ,-1
–ö—Ç–æ —Ä–µ–∂–∏—Å—Å–µ—Ä —ç—Ç–∏—Ö —Ñ–∏–ª—å–º–æ–≤?,-1
–ü–æ—á–µ–º—É –∏–º–µ–Ω–Ω–æ —ç—Ç–∏?,-1
–†–µ–∂–∏—Å—Å–µ—Ä –æ—á–µ–Ω—å —Å–∏–ª—å–Ω—ã–π,-1
"–≠—Ç–∏ —Ñ–∏–ª—å–º—ã –æ—á–µ–Ω—å –∏–Ω—Ç–µ—Ä–µ—Å–Ω—ã–µ, –æ—á–µ–Ω—å –∏–Ω—Ç–µ—Ä–µ—Å–Ω—ã–π —Å—é–∂–µ—Ç –∏ –æ—á–µ–Ω—å —Ö–æ—Ä–æ—à–æ —Å–Ω—è—Ç–æ",-1
"–î—Ä–∞–º–∞,–º–µ–ª–æ–¥—Ä–∞–º–∞",-1
–ß–µ–º –æ–Ω–∏ —Ç–µ–±—è –∑–∞–∏–Ω—Ç–µ—Ä–µ—Å–æ–≤–∞–ª–∏?,-1
–ê —Ç–µ–±–µ –∫–∞–∫–æ–π –∂–∞–Ω—Ä –Ω—Ä–∞–≤–∏—Ç—Å—è?,11
–ù–µ —Å–º–æ—Ç—Ä–µ–ª–∞,-1
–ü—Ä–∏ —ç—Ç–æ–º –Ω–µ –ª—é–±–ª—é —Ñ–∏–ª—å–º—ã –ø—Ä–æ –ª—é–±–æ–≤—å,1
"–ú–Ω–µ –Ω—Ä–∞–≤—è—Ç—Å—è —ç–∫—à–µ–Ω, —Å–æ–±—ã—Ç–∏–π–Ω–æ—Å—Ç—å –≤ —Ñ–∏–ª—å–º–∞—Ö",15
"–õ—é–±–ª—é —Ç–∞–∫–∏–µ —Ñ–∏–ª—å–º—ã –∫–∞–∫ –æ—Å—Ç—Ä–æ–≤ –ø—Ä–æ–∫–ª—è—Ç—ã—Ö, –∫—Ä–∏–º–∏–Ω–∞–ª—å–Ω–æ–µ —á—Ç–∏–≤–æ",15
–ü–æ—á–µ–º—É –∏–º–µ–Ω–Ω–æ —ç—Ç–æ—Ç –∂–∞–Ω—Ä?,11
–ú–Ω–µ –Ω—Ä–∞–≤—è—Ç—Å—è —Ç—Ä–∏–ª–ª–µ—Ä—ã,15
–ö–∞–∫–æ–π –∂–∞–Ω—Ä —Ñ–∏–ª—å–º–æ–≤ —Ç–µ–±–µ –Ω—Ä–∞–≤–∏—Ç—Å—è?,11
"–î—É–º–∞—é, –º—ã —Å—Ö–æ–¥–∏–º –Ω–∞ —ç–∫—Å–∫—É—Ä—Å–∏—é –≤ –ø–æ—Ä—Ç –ü–∏—Ç–µ—Ä–∞, –∞ –ø–æ—Ç–æ–º –Ω–∞ –≤–µ—á–µ—Ä —Å –Ω–∞—à–∏–º–∏ –ø–∞—Ä—Ç–Ω–µ—Ä–∞–º–∏ –ø–æ –±–∏–∑–Ω–µ—Å—É",0
–ö–∞–∫ –±—É–¥–µ—Ç–µ –ø—Ä–æ–≤–æ–¥–∏—Ç—å —Å–≤–æ–µ –≤—Ä–µ–º—è?,23
–í –°–∞–Ω–∫—Ç –ü–µ—Ç–µ—Ä–±—É—Ä–≥,4
–î–∞,27
–í –ü–∏—Ç–µ—Ä,-1
–¢—Ä–µ–º—è,-1
–ö—É–¥–∞?,-1
–í–æ–∑–º–æ–∂–Ω–æ –ø–æ–µ–¥—É –≤ –∫–æ–º–∞–Ω–¥–∏—Ä–æ–≤–∫—É –Ω–∞ —Å–ª–µ–¥—É—é—â—É—é –Ω–µ–¥–µ–ª—é,-1
–í—Å–µ –Ω–µ–ø–ª–æ—Ö–æ,19
–ê —Ç–≤–æ—è —Ä–∞–±–æ—Ç–∞?,-1
–ü—Ä–æ–≤–æ–∂—É —Å–≤–æ–±–æ–¥–Ω–æ–µ –≤—Ä–µ–º—è —Å –ø–æ–ª—å–∑–æ–π,-1
–£—à–ª–∞ –Ω–∞ –≤—ã—Ö–æ–¥–Ω—ã–µ,8
–ö–∞–∫ —Ä–∞–±–æ—Ç–∞?,26
–í—Å–µ —Ö–æ—Ä–æ—à–æ,19
–ê —É —Ç–µ–±—è –∫–∞–∫?,30
–í—Å—ë –≤ –ø–æ—Ä—è–¥–∫–µ,19
–î–æ–±—Ä–æ–π –Ω–æ—á–∏,-1
–ö–∞–∫ –¥–µ–ª–∞,26
–õ–∏–∑–∞,-1
–ü—Ä–∏–≤–µ—Ç,-1
–ù–æ –∏ –æ—Ç–¥—ã—Ö–∞—Ç—å –Ω—É–∂–Ω–æ,-1
–¢–∞–∫ —á—Ç–æ –≤–∞–∂–Ω–æ –¥–µ—Ä–∂–∞—Ç—å —Å–µ–±—è –≤ —Ñ–æ—Ä–º–µ,12
"–ê, –µ—Å–ª–∏ –ø—Ä–æ–ø—É—Å—Ç–∏—à—å —Ä–∞–∑ –∏–ª–∏ –¥–≤–∞, –ø–æ—Ç–æ–º —É–∂–µ —Ç—è–∂–µ–ª–æ –≤–æ–π—Ç–∏ –≤ –Ω—É–∂–Ω—ã–π —Ä–∏—Ç–º",-1
"–ù—É–∂–Ω–æ —á–∞—Å—Ç–æ —Ö–æ–¥–∏—Ç—å, —á—Ç–æ–±—ã —ç—Ç–æ –≤–æ—à–ª–æ –≤ –ø—Ä–∏–≤—ã—á–∫—É",16
–Ø —Å —Ç–æ–±–æ–π –ø–æ–ª–Ω–æ—Å—Ç—å—é —Å–æ–≥–ª–∞—Å–µ–Ω,-1
–ò –±—É–¥–µ—Ç –≥–æ—Ä–∞–∑–¥ –ª–µ–≥—á–µ –∑–∞—Å—Ç–∞–≤–∏—Ç—å —Å–µ–±—è —Ö–æ–¥–∏—Ç—å –Ω–∞ —Å–∏–ª–æ–≤—ã–µ —Ç—Ä–µ–Ω–∏—Ä–æ–≤–∫–∏,12
–í–µ–¥—å —Å–æ –≤—Ä–µ–º–µ–Ω–µ–º —ç—Ç–æ —Å—Ç–∞–Ω–µ—Ç –ø—Ä–∏–≤—ã—á–∫–æ–π,16
–ò —Ö–æ–¥–∏—Ç—å —á–µ—Ä–µ–∑ –¥–µ–Ω—å –∏–ª–∏ —á–µ—Ä–µ–∑ 2,-1
–û–¥–Ω–∞–∫–æ —Å–µ–π—á–∞—Å —Å—Ç–∞—Ä–∞—é—Å—å –Ω–∞–ª–∞–¥–∏—Ç—å —Ä–µ–∂–∏–º —Ç—Ä–µ–Ω–∏—Ä–æ–≤–æ–∫,12
–í–º–µ—Å—Ç–æ —Ç—Ä–µ–Ω–∏—Ä–æ–≤–∫–∏ —á–∞—Å—Ç–æ –≤—ã–±–∏—Ä–∞–ª —Å–æ–Ω –∏–ª–∏ –ø—Ä–æ–≥—É–ª–∫–∏,-1
–ò —Å—Ç–∞–Ω–æ–≤–∏—Ç—Å—è –æ—á–µ–Ω—å –ª–µ–Ω–∏–≤–æ –∏–¥—Ç–∏,-1
–ò–ª–∏ —Ä–∞–±–æ—Ç–µ,-1
–í–µ–¥—å —Ç–∞–∫ —á–∞—Å—Ç–æ –±—ã–≤–∞–µ—Ç —á—Ç–æ —É—Å—Ç–∞–ª –Ω–∞ —É—á–µ–±–µ,-1
–Ø —Ç–æ–∂–µ —á–∞—Å—Ç–æ –ø—Ä–µ—Ä—ã–≤–∞—é,16
–ê —Ç—ã?,30
"–ù–∞ —Å–∞–º–æ–º –¥–µ–ª–µ, —è —á–∞—Å—Ç–æ –¥–µ–ª–∞—é –±–æ–ª—å—à–∏–µ –ø–µ—Ä–µ—Ä—ã–≤—ã –≤ —Ç—Ä–µ–Ω–∏—Ä–æ–≤–∫–∞—Ö –∏ –Ω–µ –≤—Å–µ–≥–¥–∞ —Å–æ–±–ª—é–¥–∞—é —Ä–µ–≥—É–ª—è—Ä–Ω–æ—Å—Ç—å. –ê —ç—Ç–æ –æ—á–µ–Ω—å –≤–∞–∂–Ω–æ –≤ —Ä–∞–∑–≤–∏—Ç–∏–∏ —Å–∏–ª–æ–≤—ã—Ö –ø–æ–∫–∞–∑–∞—Ç–µ–ª–µ–π",12
–ö–∞–∫ –¥–∞–≤–Ω–æ —Ç—ã –∑–∞–Ω–∏–º–∞–µ—à—å—Å—è –≤ –∑–∞–ª–µ? –ò —Å–∫–æ–ª—å–∫–æ —Ä–∞–∑ –≤ –Ω–µ–¥–µ–ª—é?,-1
"–ú–æ–ª–æ–¥–µ—Ü, –Ω–∞–≤–µ—Ä–Ω–æ–µ –¥–æ–ª–≥–∏–µ –≥–æ–¥—ã —Ç—Ä–µ–Ω–∏—Ä–æ–≤–æ–∫ –ø–æ–º–æ–≥–ª–∏ –¥–æ—Å—Ç–∏–≥–Ω—É—Ç—å —Ç–∞–∫–æ–≥–æ —Ä–µ–∑—É–ª—å—Ç–∞—Ç–∞.",-1
"–Ø –æ—á–µ–Ω—å –ª—é–±–ª—é —Ç—Ä–µ–Ω–∏—Ä–æ–≤–∞—Ç—å –≥—Ä—É–¥—å, —ç—Ç–æ –º–æ—è –ª—é–±–∏–º–∞—è –≥—Ä—É–ø–ø–∞ –º—ã—à—Ü, —è –≤–æ—Ç –ø–æ–∂–∞–ª 100 –∫–≥ –Ω–µ —Ç–∞–∫ –¥–∞–≤–Ω–æ",7
"–Ø —Å–æ–≥–ª–∞—Å–µ–Ω, —Ç–∞–∫–∂–µ –æ—á–µ–Ω—å –≤–∞–∂–µ–Ω –±–∏—Ü–µ–ø—Å, –æ–Ω –æ—á–µ–Ω—å —ç—Å—Ç–µ—Ç–∏—á–Ω–æ —Å–º–æ—Ç—Ä–∏—Ç—Å—è",-1
"–ö–ª –º–Ω–µ –º–∞—Å—Ç–µ—Ä –ø—Ä–∏—à–µ–ª, —á—É—Ç—å –ø–æ–∑–∂–µ –æ—Ç–≤–µ—á—É –≤–∞–º",-1
–û—Ç–¥—ã—Ö–∞—Ç—å –∏ –≤—ã—Å—ã–ø–∞—Ç—å—Å—è –æ—á–µ–Ω—å –≤–∞–∂–Ω–æ –¥–ª—è –∑–¥–æ—Ä–æ–≤—å—è,-1
"–û—á–µ–Ω—å –≤–∞–∂–Ω–æ —Ç—Ä–µ–Ω–∏—Ä–æ–≤–∞—Ç—å —Ç—Ä–∏—Ü–µ–ø—Å, –≤–µ–¥—å –∏–º–µ–Ω–Ω–æ –æ–Ω –∑–∞–¥–∞–µ—Ç –æ—Å–Ω–æ–≤–Ω–æ–π –æ–±—ä–µ–º —Ä—É–∫",-1
"–Ø –ø–ª–∞–Ω–∏—Ä—É—é –ø–æ—Ç—Ä–µ–Ω–∏—Ä–æ–≤–∞—Ç—å –≥—Ä—É–¥–Ω—ã–µ –º—ã—à—Ü—ã –∏ —Ç—Ä–∏—Ü–µ–ø—Å, —Ç–∞–∫ –∫–∞–∫ —É–∂–µ —Ç—Ä–µ–Ω–∏—Ä–æ–≤–∞–ª –º—ã—à—â—ã —Å–ø–∏–Ω—ã –Ω–∞ —ç—Ç–æ–π –Ω–µ–¥–µ–ª–µ",7
"–ë—ã–ª–æ –±—ã —Ö–æ—Ä–æ—à–æ, –µ—Å–ª–∏ –±—ã –º—ã –ø–æ—à–ª–∏ –≤ 11 –∏–ª–∏ –ø–æ–∑–∂–µ, —Ç–∞–∫ –∫–∞–∫ —è –ø–ª–∞–Ω–∏—Ä—É—é —Å–µ–≥–æ–¥–Ω—è –ø–æ–π—Ç–∏ –≤ –Ω–æ—á–Ω–æ–π –∫–ª—É–±, –ø–æ—Å—Ç–∞—Ä–∞—é—Å—å —Å–∏–ª—å–Ω–æ –Ω–µ –∫—É—Ç–∏—Ç—å, —Ç–∞–∫ —á—Ç–æ —á–µ–º –ø–æ–∑–∂–µ, —Ç–µ–º –ª—É—á—à–µ –±—É–¥–µ—Ç –ø–æ–π—Ç–∏ –≤ –∑–∞–ª",-1
"–í—ã–≥–ª—è–¥–∏—Ç –æ—á–µ–Ω—å –∫—Ä–∞—Å–∏–≤–æ, –∫–æ–≥–¥–∞ —É –º—É–∂—á–∏–Ω —Ö–æ—Ä–æ—à–∞—è, —à–∏—Ä–æ–∫–∞—è —Å–ø–∏–Ω–∞",-1
–®–∏—Ä–æ—á–∞–π—à–∏–µ –º—ã—à—Ü—ã —Å–æ–∑–¥–∞—é—Ç —Ñ–∏–≥—É—Ä—É,6
–°–ø–∏–Ω–∞ —ç—Ç–æ –æ—á–µ–Ω—å –≤–∞–∂–Ω–∞—è –º—ã—à—Ü–∞ –≤ –æ—Ä–≥–∞–Ω–∏–∑–º–µ,6
–Ø –±—ã —Ö–æ—Ç–µ–ª –∑–∞–≤—Ç—Ä–∞ –ø–æ—Ç—Ä–µ–Ω–∏—Ä–æ–≤–∞—Ç—å –º—ã—à—Ü—ã —Å–ø–∏–Ω—ã –∏ –±–∏—Ü–µ–ø—Å,7
"–Ø –¥—É–º–∞—é, –º—ã –º–æ–∂–µ–º –æ—Ä–∏–µ–Ω—Ç–∏—Ä–æ–≤–∞—Ç—å—Å—è –Ω–∞ 10:30 - 11",-1
"–Ø –Ω–µ –∑–Ω–∞—é –≤–æ —Å–∫–æ–ª—å–∫–æ —è –ª—è–≥—É —Å–ø–∞—Ç—å, —á—Ç–æ–±—ã –≤—ã—Å–ø–∞—Ç—å—Å—è –ø–µ—Ä–µ–¥ —Ç—è–∂–µ–ª—ã–π —Ç—Ä–µ–Ω–∏—Ä–æ–≤–∫–æ–π",-1
–ü–æ–∫–∞ —Ç—Ä—É–¥–Ω–æ –æ—Ç–≤–µ—Ç–∏—Ç—å –Ω–∞ –¥–∞–Ω–Ω—ã–π –≤–æ–ø—Ä–æ—Å,-1
"–ò–∑ –ø–∞—Ç—Ä–∏–æ—Ç–∏–∑–º–∞ –≤–æ–∑–Ω–∏–∫–∞–µ—Ç –Ω–µ —Ç–æ–ª—å–∫–æ –ª—é–±–æ–≤—å –∫ —Ä–æ–¥–∏–Ω–µ, –Ω–æ –∏ —É–≤–∞–∂–∏—Ç–µ–ª—å–Ω–æ–µ –æ—Ç–Ω–æ—à–µ–Ω–∏—è –∫ –ª—é–¥—è–º —Å—Ç—Ä–∞–Ω—ã",3
"–í–∞–Ω—è, –≤–æ —Å–∫–æ–ª—å–∫–æ —Ç—ã –∑–∞–≤—Ç—Ä–∞ —Å–º–æ–∂–µ—à—å –ø–æ–π—Ç–∏ —Å–æ –º–Ω–æ–π –≤ —Ç—Ä–µ–Ω–∞–∂–µ—Ä–Ω—ã–π –∑–∞–ª ¬´–ö–æ–ø–µ—Ä–Ω–∏–∫¬ª?",25
"–ù–µ –º–æ–≥—É –Ω–µ —Å–æ–≥–ª–∞—Å–∏—Ç—å—Å—è, —É—Ä–æ–∫–∏, –∫–æ—Ç–æ—Ä—ã–µ –≤–æ—Å–ø–∏—Ç—ã–≤–∞—é—Ç –≤ —á–µ–ª–æ–≤–µ–∫–µ –ø–∞—Ç—Ä–∏–æ—Ç–∞ —Å–≤–æ–µ–π —Å—Ç—Ä–∞–Ω—ã —Ö–æ—Ä–æ—à–æ —Å–∫–∞–∂—É—Ç—Å—è –Ω–∞ —à–∫–æ–ª—å–Ω–∏–∫–∞—Ö –∏ —Å–æ–æ—Ç–≤–µ—Å—Ç–≤–µ–Ω–Ω–æ –Ω–∞ –±—É–¥—É—â–µ–º –Ω–∞—à–µ–π —Å—Ç—Ä–∞–Ω—ã",2
"–¢–∞–∫–∏–µ —É—Ä–æ–∫–∏ –±—É–¥—É—Ç –≤–æ—Å–ø–∏—Ç—ã–≤–∞—Ç—å –≤ –¥–µ—Ç—è—Ö –ª—é–±–æ–≤—å –∫ –æ—Ç—á–∏–∑–Ω–µ, –æ—Ç–≤–µ—Ç—Å—Ç–≤–µ–Ω–Ω–æ—Å—Ç—å –∑–∞ —Ä–æ–¥–∏–Ω—É –∏ –±–ª–∏–∑–∫–∏—Ö, —É–≤–∞–∂–∏—Ç–µ–ª—å–Ω–æ–µ –æ—Ç–Ω–æ—à–µ–Ω–∏–µ –∫ —Å–æ–æ—Ç–µ—á–µ—Å—Ç–≤–µ–Ω–Ω–∏–∫–∞–º",2
–í—Å–µ –¥—É–º–∞—é—Ç —Ç–æ–ª—å–∫–æ –æ —Å–µ–±–µ. –ò–∑-–∑–∞ —ç—Ç–æ–≥–æ —è —Å—á–∏—Ç–∞—é –Ω–µ–æ–±—Ö–æ–¥–∏–º—ã–º –≤–≤–µ—Å—Ç–∏ —É—Ä–æ–∫–∏ –ø–∞—Ç—Ä–∏–æ—Ç–∏—á–µ—Å–∫–æ–≥–æ –≤–æ—Å–ø–∏—Ç–∞–Ω–∏—è –≤ —Ä–æ—Å—Å–∏–π—Å–∫–∏—Ö —à–∫–æ–ª–∞—Ö,-1
–≠—Ç–æ –ø—Ä–∞–≤–¥–∞. –û—á–µ–Ω—å –≤–∞–∂–Ω–æ —Å–µ—Ä—å–µ–∑–Ω–æ –ø–æ–¥—Ö–æ–¥–∏—Ç—å –∫ –¥–µ–ª—É. –ò –º–Ω–µ –∫–∞–∂–µ—Ç—Å—è –≤ —ç—Ç–æ–º –∏ –ø—Ä–æ–±–ª–µ–º–∞ —Å–æ–≤—Ä–µ–º–µ–Ω–Ω–æ–≥–æ –æ–±—â–µ—Å—Ç–≤–∞,14
"–î–∞, –Ω–µ—Ö–æ—Ä–æ—à–æ –ø–æ–ª—É—á–∞–µ—Ç—Å—è, –∫–æ–≥–¥–∞ –ø—Ä–∏–≥–ª–∞—à–∞—é—Ç, –∞ –±–∏–ª–µ—Ç—ã –Ω–µ –æ–ø–ª–∞—á–∏–≤–∞—é—Ç",5
"–î–∞, —Å–ø–∞—Å–∏–±–æ.
–•–æ—Ç–µ—Ç—å –±—ã –∫–æ–Ω–µ—á–Ω–æ –µ—â—ë –ø–æ—Å–º–æ—Ç—Ä–µ—Ç—å –Ω–∞ —Ç–∞–∫–∏–µ –ø–æ—Ä—Ç—ã –∫–∞–∫ –ø–æ—Ä—Ç –í—Ä–∞–Ω–≥–µ–ª—è, –∏ —Ç–¥. –û—á–µ–Ω—å –±–æ–ª—å—à–∏–µ –ø–æ—Ä—Ç—ã –Ω–∞ –¥–∞–ª—å–Ω–µ–º –≤–æ—Å—Ç–æ–∫–µ",4
"–ö —Å–æ–∂–∞–ª–µ–Ω–∏—é, –æ–Ω–∏ –Ω–µ –æ–ø–ª–∞—Ç—è—Ç –Ω–∞–º –±–∏–ª–µ—Ç—ã –∏ –æ—Ç–µ–ª—å. –•–æ—Ç—è –≤–Ω–∞—á–∞–ª–µ –æ–±–µ—â–∞–ª–∏",5
"–≠—Ç–æ –∏–Ω—Ç–µ—Ä–µ—Å–Ω–æ, –Ω–∞–¥–µ—é—Å—å –≤–ø–µ—á–∞—Ç–ª–µ–Ω–∏—è –±—É–¥—É—Ç –Ω–µ–∑–∞–±—ã–≤–∞–µ–º—ã–µ",20
–ü–æ—Ç–æ–º –Ω–∞—Å –ø–æ–∑–≤–∞–ª–∏ –Ω–∞ —É–∂–∏–Ω —Å –ø–∞—Ä—Ç–Ω–µ—Ä–∞–º–∏,-1
–ü—Ä–æ—Ö–æ–¥–∏—Ç—å –æ–Ω–∞ –±—É–¥–µ—Ç –≤ —Å–ª–µ–¥—É—é—â—É—é –ø—è—Ç–Ω–∏—Ü—É,8
"–°–ø–∞—Å–∏–±–æ –∑–∞ –≤–æ–ø—Ä–æ—Å. –ù–∞—Å –ø—Ä–∏–≥–ª–∞—Å–∏–ª–∏ –Ω–∞ —ç–∫—Å–∫—É—Ä—Å–∏—é –≤ –≥–ª–∞–≤–Ω—ã–π –ø–æ—Ä—Ç –°–∞–Ω–∫—Ç-–ü–µ—Ç–µ—Ä–±—É—Ä–≥–∞, —Ç—É–¥–∞ –ø—Ä–∏—Ö–æ–¥—è—Ç –≤—Å–µ –∫–æ–Ω—Ç–µ–π–Ω–µ—Ä—ã –∏ –≤–µ—Å—å —Ç–æ–≤–∞—Ä",4
–°–ª—É—à–∞—Ç—å –≥–∏–º–Ω—ã –≤ —à–∫–æ–ª–∞—Ö,-1
"–ö—Ä—É—Ç–æ, –∞ —á—Ç–æ –∑–∞ —ç–∫—Å–∫—É—Ä—Å–∏—è, —Ä–∞—Å—Å–∫–∞–∂–∏ –ø–æ–¥—Ä–æ–±–Ω–µ–µ, –≤–æ —Å–∫–æ–ª—å–∫–æ –æ–Ω–∞ –∏ –≥–¥–µ –±—É–¥–µ—Ç –ø—Ä–æ—Ö–æ–¥–∏—Ç—å?",-1
"–Ø —Å—á–∏—Ç–∞—é, —á—Ç–æ –∑–∞—Ä–æ–∂–¥–∞—Ç—å –µ–≥–æ –¥–æ–ª–∂–Ω—ã –µ—â—ë —Å –¥–µ—Ç—Å—Ç–≤–∞",-1
"–°–Ω–∞—á–∞–ª–∞ –ø—Ä–∞–≤–¥–∞ —Å–∫–∞–∑–∞–ª–∏, —á—Ç–æ –≤—Å–µ –æ–ø–ª–∞—Ç—è—Ç. –ù–æ, –∫–æ–≥–¥–∞ —É–∑–Ω–∞–ª–∏, —è—Ç–æ –Ω–∞ —á–µ—Ç–≤–µ—Ä–æ, –∫ —Å–æ–∂–∞–ª–µ–Ω–∏—é, —Å–ª–∏–ª–∏—Å—å",-1
"–ú–µ–Ω—è –ø—Ä–∏–≥–ª–∞—Å–∏–ª–∏ –≤ –ü–∏—Ç–µ—Ä –Ω–∞ —ç–∫—Å–∫—É—Ä—Å–∏—é –≤ –ø–æ—Ä—Ç, –≤–æ–∑–º–æ–∂–Ω–æ –ø–æ–µ–¥—É",0
"–°–æ–≥–ª–∞—Å–µ–Ω, –ø–∞—Ç—Ä–∏–æ—Ç–∏–∑–º –∏ –ª—é–±–æ–≤—å –∫ —Ä–æ–¥–∏–Ω–µ –æ—á–µ–Ω—å –≤–∞–∂–Ω—ã",3
"–ù–µ–ø–ª–æ—Ö–æ, —Ä–∞–±–æ—Ç–∞–ª —Å–µ–≥–æ–¥–Ω—è. –ê —É —Ç–µ–±—è?",22
–ü–∞—Ç—Ä–∏–æ—Ç–∏–∑–º —ç—Ç–æ –æ—á–µ–Ω—å –≤–∞–∂–Ω–æ –≤ –Ω—ã–Ω–µ—à–Ω–∏—Ö —Ä–µ–∞–ª–∏—è—Ö,-1
"–í–∞–Ω—è, –∫–∞–∫ –¥–µ–Ω—å –ø—Ä–æ—à–µ–ª?",22
"–Ø –∑–∞ —Ä—É—Å—Å–∫–∏—Ö, –†–æ—Å—Å–∏—è –≤–ø–µ—Ä–µ–¥",-1
–ê –≤—ã —á—Ç–æ –¥—É–º–∞–µ—Ç–µ?,-1
"–Ø —Å—á–∏—Ç–∞—é —Ñ–∞–≤–æ—Ä–∏—Ç–æ–º —Ñ—Ä–∞–Ω—Ü—É–∑—Å–∫—É—é –∫–æ–º–∞–Ω–¥—É, –Ω–æ –±–æ–ª–µ—Ç—å –±—É–¥—É –∑–∞ –∏—Ç–∞–ª—å—è–Ω—Ü–µ–≤",-1
–ó–∞–≤—Ç—Ä–∞ –∑–∞ –∫–æ–≥–æ –±—É–¥–µ—Ç–µ –±–æ–ª–µ—Ç—å?,-1
–î–æ–±—Ä–æ–µ —É—Ç—Ä–æ,-1
